<?xml version="1.0" encoding="UTF-8" ?>
<!DOCTYPE mapper PUBLIC "-//mybatis.org//DTD Mapper 3.0//EN" "http://mybatis.org/dtd/mybatis-3-mapper.dtd" >
<mapper namespace="com.aaa.lee.repast.mapper.IntegrationMapper" >
  <resultMap id="BaseResultMap" type="com.aaa.lee.repast.model.Integration" >
    <!--
      WARNING - @mbg.generated
    -->
    <id column="id" property="id" jdbcType="BIGINT" />
    <result column="member_id" property="memberId" jdbcType="BIGINT" />
    <result column="shop_id" property="shopId" jdbcType="BIGINT" />
    <result column="create_time" property="createTime" jdbcType="TIMESTAMP" />
    <result column="change_type" property="changeType" jdbcType="INTEGER" />
    <result column="change_count" property="changeCount" jdbcType="INTEGER" />
    <result column="operate_man" property="operateMan" jdbcType="VARCHAR" />
    <result column="operate_note" property="operateNote" jdbcType="VARCHAR" />
    <result column="source_type" property="sourceType" jdbcType="INTEGER" />
  </resultMap>
  <select id="selectIntegrationByMemberId" parameterType="string" resultMap="BaseResultMap">
    select * from ums_integration_change_history where member_id = ${memberId}
  </select>
</mapper>