<?xml version="1.0" encoding="UTF-8" ?>
<!DOCTYPE mapper PUBLIC "-//mybatis.org//DTD Mapper 3.0//EN" "http://mybatis.org/dtd/mybatis-3-mapper.dtd" >
<mapper namespace="com.aaa.lee.repast.mapper.LoginLogMapper" >
  <resultMap id="BaseResultMap" type="com.aaa.lee.repast.model.LoginLog" >
    <!--
      WARNING - @mbg.generated
    -->
    <id column="id" property="id" jdbcType="BIGINT" />
    <result column="shop_id" property="shopId" jdbcType="BIGINT" />
    <result column="member_id" property="memberId" jdbcType="BIGINT" />
    <result column="create_time" property="createTime" jdbcType="VARCHAR" />
    <result column="ip" property="ip" jdbcType="VARCHAR" />
    <result column="city" property="city" jdbcType="VARCHAR" />
    <result column="login_type" property="loginType" jdbcType="INTEGER" />
    <result column="province" property="province" jdbcType="VARCHAR" />
    <result column="open_id" property="openId" jdbcType="VARCHAR" />
    <result column="operation_type" property="operationType" jdbcType="VARCHAR" />
    <result column="operation_name" property="operationName" jdbcType="VARCHAR" />
  </resultMap>
</mapper>