<?xml version="1.0" encoding="UTF-8" ?>
<!DOCTYPE mapper PUBLIC "-//mybatis.org//DTD Mapper 3.0//EN" "http://mybatis.org/dtd/mybatis-3-mapper.dtd" >
<mapper namespace="com.aaa.lee.repast.mapper.MemberMapper" >
  <resultMap id="BaseResultMap" type="com.aaa.lee.repast.model.Member" >
    <!--
      WARNING - @mbg.generated
    -->
    <id column="id" property="id" jdbcType="BIGINT" />
    <result column="shop_id" property="shopId" jdbcType="BIGINT" />
    <result column="member_level_id" property="memberLevelId" jdbcType="BIGINT" />
    <result column="username" property="username" jdbcType="VARCHAR" />
    <result column="password" property="password" jdbcType="VARCHAR" />
    <result column="nickname" property="nickname" jdbcType="VARCHAR" />
    <result column="phone" property="phone" jdbcType="VARCHAR" />
    <result column="status" property="status" jdbcType="INTEGER" />
    <result column="create_time" property="createTime" jdbcType="TIMESTAMP" />
    <result column="icon" property="icon" jdbcType="VARCHAR" />
    <result column="gender" property="gender" jdbcType="INTEGER" />
    <result column="birthday" property="birthday" jdbcType="DATE" />
    <result column="city" property="city" jdbcType="VARCHAR" />
    <result column="job" property="job" jdbcType="VARCHAR" />
    <result column="personalized_signature" property="personalizedSignature" jdbcType="VARCHAR" />
    <result column="source_type" property="sourceType" jdbcType="INTEGER" />
    <result column="integration" property="integration" jdbcType="INTEGER" />
    <result column="growth" property="growth" jdbcType="INTEGER" />
    <result column="luckey_count" property="luckeyCount" jdbcType="INTEGER" />
    <result column="history_integration" property="historyIntegration" jdbcType="INTEGER" />
    <result column="parent_id" property="parentId" jdbcType="BIGINT" />
    <result column="open_id" property="openId" jdbcType="VARCHAR" />
    <result column="session_key" property="sessionKey" jdbcType="VARCHAR" />
    <result column="token" property="token" jdbcType="VARCHAR" />
  </resultMap>

  <select id="selectMemberByOpenId" parameterType="string" resultMap="BaseResultMap">
    select * from ums_member where open_id = #{openId}
  </select>

  <select id="selectMemberByToken" parameterType="string" resultMap="BaseResultMap">
    select * from ums_member where token = #{token}
  </select>
</mapper>